"name","year","month","day","time","volume","volume_class","H","E","N","exp","lat","lon","comment","lithology","lithology_comment","permafrost","glacier","cascading_proc","cascading_comment","post_glacial_event","observation_date","creator","source","completeness","ID"
"Becca de Leseney",1952,6,8,"00:00:00",1000000,6,3150,603630,79700,"SW",46,7,"","","",NA,FALSE,NA,"",NA,NA,"J. Noetzli","Dutto and Mortara 1991",1,12
"Val Pola",1987,7,28,"07:23:00",34000000,7,2320,822602,140312,"E",46,10,"Heutige nahe Blockgletscher weisen auf möglichen Einfluss von Permafrost hin","Metamorph (Gabbro, Diorit, Orthoquarzit, Gneis)","",TRUE,FALSE,FALSE,"",FALSE,1987-07-28,"J. Noetzli","Dramis et al. 1995",1,16
"Nuenihore",1990,9,1,"00:00:00",30000,4,2600,613159,147645,"SW",46,8,"Wildhorn-Deckenkomplex","Schrattenkalk, Drusberg-Schichten (Mergelschiefer und Kalke)","Nahe zu Verwerfung/Bruch",TRUE,FALSE,NA,"",FALSE,NA,"StorMe","Grossenbacher 2011",1,21
"Randa",1991,4,18,"00:00:00",30000000,7,2300,626393,106557,"SE",46,8,"18.04. and 19.05.1991","Vermutlich Augengneise (Augengneis von Randa) und homogene helle Gneise","",FALSE,FALSE,FALSE,"",FALSE,NA," J. Noetzli","Schindler et al. 1993",1,22
"Face ouest des Drus I",1992,8,9,"00:00:00",1750,3,3350,562094,86608,"SW",46,7,"","","",NA,FALSE,NA,"",FALSE,NA,"L. Ravanel","Ravanel und Deline 2008",1,24
"Mittaghorn",1994,6,13,"00:00:00",25000,4,2600,611626,146530,"W",46,8,"Wildhorn-Deckenkomplex","Mergelkalk, Mergelstein, Tonstein (Palfris-Schiefer und Vitznau-Mergel)","Nahe zu Überschiebung",FALSE,FALSE,NA,"",FALSE,NA,"StorMe","",1,25
"Aiguille de Blaitière",1995,8,21,"00:00:00",7000,3,3100,558969,83294,"SW",46,7,"","","",NA,FALSE,NA,"",FALSE,NA,"L. Ravanel","Ravanel und Deline 2010",1,26
"Zuetribistock II",1996,3,3,"19:30:00",1750000,6,2200,715131,189957,"E ",47,9,"Gemäss Braun et al. 2009 und gemäss Hauenstein 2008 2.2 Mio. m3. Ca 2x so gross wie Ereignis Zuetribistock I (SED). Koordinaten abgeschätzt gemäss Keusen&Hans Rudolf (Info), S. 95 (-> hohe Genauigkeit)","Mikrit, Kalkabfolge mit stark durchtrennten Kluftsystemen (Oberer Quinten-Kalk)","",FALSE,FALSE,FALSE,"",FALSE,1996-03-03,"J. Noetzli","Keller 1996,  Kobel 1996, SED, Baer et al. 1997",1,28
"Zuetribistock",1996,1,24,"09:00:00",470000,5,2300,715185,190098,"E ",47,9,"Gemäss Braun et al. 2009 sind es 750'000 m3 und noch während der Massnahmenplanung weitere 2.2 Mio. m3. Koordinaten abgeschätzt gemäss Keusen&Hans Rudolf (Info, S. 95 -> hohe Genauigkeit)","Mikrit, Kalkabfolge mit stark durchtrennten Kluftsystemen (Oberer Quinten-Kalk)","",FALSE,FALSE,FALSE,"",FALSE,1996-01-24,"J. Noetzli","Keller 1996, Kobel 1996",1,30
"Zuetribistock III",1996,9,4,"04:40:00",35000,4,2300,715086,190065,"SE",47,9,"Ca. 40-50x kleiner als Zuetribistock II (SED), Volumen 10000 bis 40000 m3","Mikrit, Kalkabfolge mit stark durchtrennten Kluftsystemen (Oberer Quinten-Kalk)","",FALSE,NA,FALSE,"",FALSE,1996-09-04,"SLF","SED, Baer et al. 1997",2,31
"Face ouest des Drus IIa",1997,9,17,"00:00:00",27500,4,3200,562094,86608,"SW",46,7,"Gemäss SED am 18.09.1997 um 01:23h","","",NA,FALSE,NA,"",FALSE,NA,"L. Ravanel","Ravanel und Deline 2008, SED",1,32
"Brenva II",1997,1,18,"14:55:00",2000000,6,3725,557369,76634,"SE",46,7,"1.5 Mio. m3 gemäss SED, triggert Lawine und dadurch 2 Tote Skifahrer in Courmayeur (Keusen, 1997)","","",NA,FALSE,TRUE,"Ereignis löst Lawine aus.",NA,1997-01-18,"J. Noetzli","Deline 2001, SED",1,33
"Zuetribistock IV",1997,9,24,"16:49:00",25000,4,2300,715086,190065,"SE",47,9,"Kleiner als Ereignisse 1996 (SED), Volumen von beiden 20000 bis 80000m3","Mikrit, Kalkabfolge mit stark durchtrennten Kluftsystemen (Oberer Quinten-Kalk)","",FALSE,NA,FALSE,"",FALSE,1997-09-24,"SLF","SED, Baer et al. 1997",2,34
"Zuetribistock V",1997,9,27,"10:00:00",25000,4,2300,715086,190065,"SE",47,9,"","Mikrit, Kalkabfolge mit stark durchtrennten Kluftsystemen (Oberer Quinten-Kalk)","",FALSE,NA,FALSE,"",FALSE,1997-09-27,"SLF","SED, Baer et al. 1997",2,35
"Chli Spannort",1961,12,28,"00:00:00",1000000,6,2934,682125,181553,"NW",47,9,"Volumenangaben gemäss Kanton Obwalden 50000-70000 m^3, anderen Quellen zufolge > 1 Mio. (Tourenberichte, Wikipedia, unklar woher diese Angabe ursprünglich kommt)","Mikrit","",TRUE,NA,NA,"",FALSE,NA,"SLF","diverse",2,14
"Piz Morteratsch / Tschierva",1988,10,29,"00:00:00",300000,5,3127,788826,141690,"SW",46,10,"","Kalkalkalische Intrusivsuite (spätvariskisch). Diorit, Granit, Gabbro","Nahe zu Verwerfung/Bruch",TRUE,FALSE,NA,"",FALSE,NA,"J. Noetzli","Schweizer 1990 ",1,19
"Zuetribistock VI",1998,3,31,"09:43:00",NA,5,2300,715086,190065,"SE",47,9,"Kleiner als Ereignisse 1996 (SED). 09.43h und 11.58h. Volumen ca. 0.1 mio m3 nach Keusen&Hans Rudolf (Info), S. 90. Koordinaten nicht klar, angepasst an ID 31, 34, 35.","Mikrit, Kalkabfolge mit stark durchtrennten Kluftsystemen (Oberer Quinten-Kalk)","",FALSE,FALSE,FALSE,"",FALSE,1998-03-31,"SLF","SED",1,38
"Jaegerhorn",1999,8,4,"00:00:00",1000,3,3400,634218,89921,"NE",46,8,"","Paragneis, Granat-Glimmerschiefer","",NA,FALSE,NA,"",NA,NA,"J. Noetzli","",1,41
"Zugspitze",2001,10,5,"00:00:00",30000,4,2630,NA,NA,"N",NA,NA,"Januar and 05.10.2001","","",NA,NA,NA,"",NA,NA,"PERMOS","J. Noetzli 2003, Mustafa Univ. Jena",2,45
"Cengalo",2003,7,9,"04:00:00",NA,3,2624,766653,129854,"N",46,10,"Um 04:00 Beginn, dann ganzen Sommer über","Biotitgranit bis Granodiorit","Nahe zu Verwerfung/Bruch",TRUE,FALSE,NA,"",FALSE,NA,"SLF","Keller 2003",2,56
"Face ouest des Drus III",2003,8,2,"00:00:00",6500,3,3370,562094,86608,"SW",46,7,"","","",NA,FALSE,NA,"",FALSE,NA,"L. Ravanel","Ravanel und Deline  2008",1,66
"Hoernligrat",2003,7,15,"00:00:00",1000,3,3400,617930,92074,"NE",46,8,"","Gebänderte Gneise","Nahe zu Überschiebung",TRUE,FALSE,NA,"",FALSE,NA,"J. Noetzli","",1,67
"Aiguille du Midi",2003,8,7,"00:00:00",2000,3,3600,557401,81081,"N",46,7,"","","",NA,FALSE,NA,"",NA,NA,"L. Fischer","",1,70
"Bernina Westflanke",2003,8,14,"00:00:00",50000,4,3800,790069,140620,"NW",46,10,"","Kalkalkalische Intrusivsuite (spätvariskisch): Diorit, Granit, Gabbro","Nahe zu tektonisierter Zone",TRUE,NA,NA,"",NA,NA,"J. Noetzli","",2,71
"Mont Vélan",2003,8,2,"00:00:00",NA,3,3500,584500,83500,"NE",46,7,"","Vermutlich Gneiss à glaucophane et épidote","",TRUE,FALSE,NA,"",FALSE,NA,"J. Noetzli","J. Noetzli,  D. Kaufmann",2,77
"Gross Ruchen",2004,9,4,"00:00:00",10000,4,2900,701663,185213,"N",47,9,"","Mikrit, in der Nähe ein Mergelband ","Nahe zu Überschiebung",TRUE,FALSE,NA,"",FALSE,2004-09-04,"J. Noetzli","J. Noetzli,  B. Rathmayr (BIG), Stephan Spichtig",1,90
"Punta Thurwieser",2004,9,18,"13:41:00",2500000,6,3600,836963,153962,"SE",46,11,"","","",NA,NA,NA,"",FALSE,2004-09-18,"J. Noetzli","J. Noetzli,  Ital. Newspapers and Reports, Favreau et al. 2010",2,91
"Face ouest des Drus IV",2005,6,29,"00:00:00",265000,5,3140,562094,86608,"S (W)",46,7,"","","",NA,FALSE,NA,"",TRUE,NA,"L. Ravanel","Ravanel und Deline 2008",1,92
"Dent de Jethoula",2007,8,1,"00:00:00",15000,4,2810,562031,76603,"S",46,7,"","","",NA,FALSE,NA,"",FALSE,NA,"L. Ravanel","Ravanel et al. 2010",1,106
"Aiguilles Marbrées",2007,9,20,"00:00:00",2500,3,3130,561262,77720,"W",46,7,"","","",NA,FALSE,NA,"",FALSE,NA,"L. Ravanel","Ravanel et al. 2010",1,110
"Arête des Grands Mulets",2007,7,7,"00:00:00",1500,3,3270,555055,78874,"NE",46,7,"","","",NA,FALSE,NA,"",TRUE,NA,"L. Ravanel","Ravanel et al. 2010",1,111
"Jaegerhorn",2007,8,5,"00:00:00",1000,3,3400,634218,89921,"NE",46,8,"","Granat-Glimmerschiefer oder Para-/Orthogneis","",NA,FALSE,NA,"",FALSE,NA,"J. Noetzli","",1,112
"Lex Blanche",2007,8,1,"00:00:00",3500,3,3500,520790,72575,"E",46,6,"","","",NA,FALSE,NA,"",NA,NA,"L. Ravanel","Ravanel et al. 2010",1,113
"Tour des Grandes Jorasses",2007,9,30,"00:00:00",10000,4,3830,510833,82697,"S",46,6,"","","",NA,FALSE,NA,"",NA,NA,"L. Ravanel","Ravanel et al. 2010",1,117
"Einserkofel",2007,10,12,"09:30:00",60000,4,2600,NA,NA,"N",47,12,"Enormer Felssturz im Hochpustertal (Tirol)","","",NA,FALSE,NA,"",NA,2007-10-12,"PERMOS","",1,120
"Monte Rosa",2007,4,21,"00:00:00",300000,5,3900,634080,86840,"E",46,8,"","Paragneis","",NA,NA,NA,"",NA,NA,"PERMOS","J. Noetzli",2,121
"Piz Vadret",2003,8,12,"00:00:00",NA,3,3150,793625,173925,"N",47,10,"","Mischgneise oder Amphibolite (Plagioklas-, Biotit-, Epidot-, Granatamphibolite)","Nahe zu Verwerfung/Bruch",TRUE,NA,NA,"",FALSE,NA,"J. Noetzli","",2,64
"Dents du Midi / Haute Cime",2006,10,29,"00:00:00",150000,5,2793,559817,112591,"NW",46,7,"ACHTUNG. Laut Guardaval 150'000 m3, laut Fischer et al. über 1 mio m3","Kalkstein, Kieselkalk (Barrrémien inférieur oder Hauterivien)","",TRUE,FALSE,NA,"",FALSE,NA,"L. Fischer","",1,102
"Mättenberg / Ankenbaelli",2000,9,8,"00:00:00",100000,5,2873,649329,161565,"NW",47,8,"Felssturz in der Nähe des Mättenbergs","Granit bis Granitgneis ","",TRUE,FALSE,NA,"",FALSE,NA,"PERMOS","Noetzli 2003, Geotest 2000",1,43
"Dents Blanches",2006,11,8,"00:00:00",1000000,6,2517,553140,10193,"N",46,7,"","Urgonien (bioklastischer Kalk, Kalkstein)","Nahe zu vermutete Verwerfungen/Brüche",TRUE,FALSE,NA,"",FALSE,NA,"L. Fischer","",1,101
"Mont Crammont",2008,12,23,"17:00:00",150000,5,2600,561205,68826,"N",46,7,"Z.T. auch Angabe 24.12.2008","","",NA,FALSE,NA,"",FALSE,NA,"L. Fischer","S. Margreth, Deline et al. 2008",1,125
"Grands Charmoz",2008,8,23,"00:00:00",2000,3,2720,558976,84405,"N",46,7,"","","",NA,FALSE,NA,"",FALSE,NA,"L. Ravanel","Ravanel et al. 2010",1,126
"Epaule orientale dr Tré-la-Tête",2008,9,10,"00:00:00",50000,4,3400,522363,73645,"E",46,6,"","","",NA,FALSE,NA,"",FALSE,NA,"L. Ravanel","Ravanel et al. 2010",1,130
"Aiguille de Thoules",2008,7,9,"00:00:00",10000,4,3410,559663,71060,"S",46,7,"","","",NA,FALSE,NA,"",FALSE,NA,"L. Ravanel","Ravanel et al. 2010",1,131
"Tour Ronde",2008,8,20,"00:00:00",1200,3,3450,558932,77743,"NE",46,7,"","","",NA,FALSE,NA,"",NA,NA,"L. Ravanel","Ravanel et al. 2010",1,133
"Toedi / Schneerus",2005,8,17,"00:00:00",1000,3,2700,714586,185412,"E",47,9,"","Paraschiefer und Paragneise","",TRUE,FALSE,NA,"",FALSE,NA,"L. Fischer","",1,147
"Ritzlihorn",2009,7,17,"00:00:00",50000,4,2900,662900,164634,"E",47,8,"","Gneis","",TRUE,FALSE,NA,"",FALSE,NA,"L. Fischer","Hählen 2010, Geotest 2010",1,149
"PuntaTre Amici",2010,9,26,"00:00:00",50000,4,3200,636564,86599,"NE",46,8,"","Paragneis","",NA,FALSE,NA,"",FALSE,NA,"L. Fischer","Mortara 2010 (unpub. Report)",1,159
"Cengalo III",2011,7,19,"00:00:00",10000,4,2950,766510,129915,"NW",46,10,"","Biotitgranit bis Granodiorit","",TRUE,FALSE,NA,"",FALSE,NA,"SLF","Bonanomi 2012",1,168
"Cengalo IV",2011,12,27,"17:25:00",1500000,6,3170,766693,129456,"NW",46,10,"Eis im Anriss. Durch SED gemeldet. Fotos von Heliflug.","Biotitgranit bis Granodiorit","",TRUE,FALSE,NA,"",FALSE,NA,"SLF","Bonanomi 2012, SED",1,169
"Piz Lischana",2011,7,31,"00:00:00",2000,3,3100,821980,183930,"E",47,10,"","Radiolarit oder Aptychenkalk","",TRUE,FALSE,NA,"",FALSE,NA,"SLF","Marcia Phillips",1,170
"Sattelstöckli",2012,7,26,"10:00:00",5000,3,2400,680988,182272,"NE",47,8,""," Erstfelder Gneiskomplex","",FALSE,FALSE,FALSE,"",FALSE,NA,"SLF","Luzernerzeitung",1,180
"Häuselhorn",2012,6,4,"00:00:00",10000,4,2000,NA,NA,"S",48,13,"Pinzgau, ca. 2000 m asl.","","",FALSE,FALSE,NA,"",NA,NA,"SLF","Sport Praxenthaler",1,188
"Cengalo",2013,9,24,"17:00:00",100000,5,2740,767012,129558,"N",46,10,"Volumen mind. 100'000 gemäss Marcello Negrini.Fotos vom Heli aus (nächster Tag). Wasser im Anrissgebiet, vorher Schnee. Nullgradgrenze auf > 4000 m. Erdbeben 1.2 (schwach) in Juf um 11:23h."," Biotitgranit bis Granodiorit","",FALSE,NA,NA,"",FALSE,NA,"SLF","Marcello Negrini",2,196
"Crast' Agüzza",2013,2,28,"00:00:00",110000,5,3850,790600,138350,"S",46,10,"Seismisches Signal ziemlich gross. Schätzungen aufgrund LK25 20'000 - 200'000 m3.","","",NA,FALSE,NA,"",FALSE,2013-06-24,"SLF","Marco Salis",1,214
"Ciadin del Laudo II",2013,9,30,"23:00:00",NA,4,2800,NA,NA,"W",47,12,"Max. 200x300 m","","",NA,FALSE,FALSE,"",NA,NA,"SLF","planetmountain.com",2,222
"Cima Su Alto",2013,11,16,"15:20:00",50000,4,2600,NA,NA,"NW",46,12,"Civetta-Massiv","","",FALSE,FALSE,FALSE,"",NA,NA,"SLF","planetmountain.com",1,223
"Casaccia",2014,8,23,"00:00:00",2500,3,2000,770445,140975,"S",46,10,"Alpweg Maroz Dora gesperrt. 2000-3000 m3.","Chlorit-Muskowit-Karbonatschiefer","",FALSE,FALSE,FALSE,"",FALSE,NA,"SLF","Suedostschweiz",1,225
"Randa",2014,8,29,"00:00:00",NA,3,2200,625775,107000,"SE",46,8,"Volumen geschätzt mehrere tausend Kubikmeter (?)","Muskovit und Muskovit-Biotitgneise und -schiefer oder Grobflaserige Augengneise","",FALSE,FALSE,FALSE,"",FALSE,2014-08-29,"SLF","Marcia Phillips, Kerry Leith",2,226
"Birghorn",2011,11,18,"18:20:00",200000,5,2996,626139,144731,"N",46,8,"Bei PERMOS Medung durch Peter Mani. Datum durch SED festgestellt. Vermutung, dass Zusammenhang zu Hochwasserereignissen im Oktober 2011. Volumen aufgrund seismischem Signal geschätzt.","Gastern-Granit","",TRUE,FALSE,NA,"",FALSE,2011-11-27,"SLF","Franziska Dammeier (SED), Peter Mani (Geo7)",1,167
"Ober Rotegg (Titlis)",2014,5,21,"10:15:00",20000,4,2650,675210,181200,"SW",47,8,"Hat Gletschersee ausgeputzt und Schlammlawine bis ca. 1900 m asl. Kein Eis sichtbar im Anriss. Felsen heller. C. Bissig nicht sicher, ob Permafrost vorhanden (Hang hat viel Sonne, aber auf der schattigen Seite) hat's sicher PF'...), Wetter: Gewitter mit Schneeregen, Donner (dachten Felssturz sei auch Donner, hat aber zu lange gedauert...), Temp Titlis 3020 müM: 07:35: +2.9°C / 13:08:+5.0°C, ca. 80m hoch","Niederhorn-Formation. Graubrauner z.T. kalkiger biogener Quarzsandstein (Hohgant-Sandstein) oder Stad-Formation mit dunklem glimmerreichem Mergel","Zahlreiche Überschiebungen in der Nähe",FALSE,NA,TRUE,"Hat einen Gletschersee ausgeputzt. Schlammlawine bis ca. 1900 m asl.",FALSE,NA,"SLF","Medien, Christoph Bissig (Sicherheitschef Titlis), Martin Hepting",2,228
"Plat de la Lé (Zinal)",2015,1,20,"00:00:00",1500,3,2160,614449,106628,"SE",46,8,"Fotos R. Mayoraz","Prasanit, Basalt oder Kalkschiefer, Tonschiefer, Schiefer","Nahe Lockergesteinssackung (instabiles Felsgestein)",FALSE,FALSE,NA,"",FALSE,NA,"SLF","guardaval ",1,252
"Cengalo",2014,10,13,"00:00:00",15500,4,2700,766751,129705,"NE",46,10,"Fotos automatische Kamera, TLS. Felssturz zwischen 12. und 13. Oktober 2014.","Granitgneis oder Albit-Oligoklasgneise","",FALSE,FALSE,NA,"",FALSE,2015-07-17,"SLF","Marcia Phillips, Robert Kenner",1,253
"Durlochhorn",2015,8,16,"00:00:00",1500,3,2600,631730,114100,"NW",46,8,"Volumen geschätzt 1000-1500 m3 (Rovina). Doku mit Fotos.","Augengneise (Augengneis von Randa)","In einem Sackungsgebiet",TRUE,FALSE,FALSE,"",FALSE,2015-08-17,"SLF","Rovina + Partner (Eric Pointner)",1,255
"Planggenstock",2015,8,27,"00:00:00",2000,3,2700,679441,165214,"NW",47,8,"Film von Franz Senn. Volumen 1000-2000 m3 von Urner Behörden geschätzt, gemäss Urner Wochenblatt. ","Zentraler Aare-Granit","Nahe zu Verwerfung/Bruch",TRUE,FALSE,FALSE,"",FALSE,2015-08-27,"SLF","Urnerwochenblatt, Theo von Atzigen, Carlo Danioth",1,257
"Mel de la Niva",2015,10,19,"09:25:00",2000,3,2700,602099,105523,"NE",46,7,"Strukturell bedingt. Volumen geschätzt durch R. Mayoraz. Wasser im Anriss. Live gefilmt aus 2 Positionen (www.youtube.com/watch?v=SxdaXGgoQW8)","Tonschiefer, Kalkschiefer, Schiefer, Marmor","Sackungsgebiet",FALSE,FALSE,NA,"",FALSE,2015-10-19,"SLF","youtube, Raphael Mayoraz",1,258
"Mutthorn",2015,6,20,"20:00:00",10000,4,2900,630091,148432,"E",46,8,"Volumen nicht genau bekannt. Hüttenwarte haben Felssturz gespürt (aber nicht gehört). Sehr grosse Blöcke in Ablagerung.","Gneis, Schiefer","",TRUE,FALSE,FALSE,"",FALSE,2015-06-20,"SLF","Toni Brunner (Hüttenwart Mutthornhütte), Martin Gentner (SLF)",1,261
"Alpliturm",2015,8,6,"15:00:00",5000,3,2900,670040,164310,"NW",47,8,"Volumen geschätzt. Wasser im Anriss.","Zentraler Aaregranit","",FALSE,FALSE,FALSE,"",NA,2015-08-06,"SLF","Regula Abt",1,262
"Gemsstock",2015,9,20,"00:00:00",2000,3,2900,689949,161970,"NW",47,9,"Volumen gemessen (TLS). Nach Schneefall vom 19.9. (kein Schnee auf Ablagerung). Eis im ganzen Anriss. Keine P Messung Gütsch aber RIRHES D. Ca. 50mm am 17.9.2015","Serpentinit, Gneis, Amphibolit","",TRUE,NA,NA,"",FALSE,2015-09-21,"SLF","Toni Zgraggen, Björn Becker",2,263
"Chlichlistock",2015,10,9,"14:00:00",2000,3,2957,669173,168064,"SW",47,8,"Volumen geschätzt. Fotos von Daniel Bürki, KWO (benutzen OK mit Quellenangabe).","Gneis, Migmatit (Mischgneis), Amphibolit","",TRUE,FALSE,FALSE,"",FALSE,2015-10-09,"SLF","Daniel Bürki (Präsident Schwellenkorporation Guttannen)",1,267
"Cengalo",2015,7,31,"00:00:00",1000,3,3000,766761,129529,"NE",46,10,"Volumen geschätzt (bis nächster TLS). Live gefilmt von A. Raetz.","Biotitgranit bis Granodiorit mit Alkalifeldspat","",TRUE,NA,NA,"",FALSE,2015-07-31,"SLF","Adrian Raetz",2,270
"Cengalo",2015,9,4,"11:45:00",20000,4,3000,766761,129529,"NE",46,10,"2 Felsstürze simultan.","Biotitgranit bis Granodiorit mit Alkalifeldspat","",TRUE,NA,NA,"",FALSE,2015-09-04,"SLF","Andreas Huwiler, Martin Blum",2,271
"Spannort",2015,8,3,"14:40:00",1000,3,3198,682900,182500,"NE",47,9,"Volumen geschätzt.","Mikrit","Nahe zu Verwerfung/Bruch",TRUE,FALSE,FALSE,"",FALSE,2015-08-03,"SLF","Thomas Odermatt, Theo von Atzigen",1,274
"Ritzlihorn",2015,8,12,"10:00:00",3000,3,3200,NA,NA,"N",NA,NA,"Felssturz live beobachtet. Anriss ca. 50 x 20x 3.","","",FALSE,NA,NA,"",NA,2015-08-12,"SLF","Theo von Atzigen (BOHAG), Ricarda Bender-Gàl",2,275
"Piz Roseg",2015,9,26,"00:00:00",7000,3,3200,787196,139820,"NW",46,10,"Volumen geschätzt. Etwas grösser (mächtiger) als Cambrena. Wasser im Anriss.","Vermutlich Kalkalkalische Intrusivsuite (spätvariskisch) oder Alkalische Intrusivsuite (postvariskisch): Granit, Aplit, Gabbro","Bei vermuteten Verwerfungen/Brüche",TRUE,FALSE,FALSE,"",FALSE,2015-09-26,"SLF","Hansueli Bärfuss",1,276
"Trugberg",2015,8,8,"05:45:00",20000,4,3400,645002,153963,"SW",47,8,"Volumen geschätzt. Wurde von der Konkordiahütte gehört. Hüttenwart sucht Fotos. Zeitpunkt dank Webcam."," Biotit-Chlorit-Serizitgneis und -schiefer (p.p. Lötschental-Paragneis)","",TRUE,NA,FALSE,"",FALSE,2015-08-10,"SLF","Robert Kenner, Webcam Konkordiahütte",2,279
"Lischana",2014,9,14,"16:20:00",2000,3,3050,821530,184470,"NE",47,10,"Mehrere 100 m3 bzw. eher mehrere 1000 m3.  Mächtige Eisplatte sichtbar. In 3x innerhalb einer Woche runtergekommen (Beobachtung Jäger).","Liasbreccie oder Liasschiefer","Nahe zu Verwerfung/Bruch",TRUE,FALSE,FALSE,"",FALSE,2014-09-14,"SLF","Matthias Merz",1,234
"Piz Jenatsch",2015,8,23,"00:00:00",2000,3,3080,774820,157370,"E",47,10,"Zeitpunkt nicht bekannt. Volumen geschätzt.","Granit, Orthogneis, Augengneis","Nahe zu Verwerfung/Bruch",TRUE,NA,NA,"",FALSE,2015-08-23,"SLF","Thomas Stucki",2,273
"Mulets de la Lia",2014,12,9,"18:12:00",300000,5,2677,591983,93364,"N",46,7,"Foto R. Mayoraz","Calcschistes roux","",TRUE,FALSE,NA,"",FALSE,2014-12-09,"SLF","guardaval ",1,230
"Punta Tre Amici",2015,12,17,"00:00:00",200000,5,3400,636449,86245,"NE",46,8,"Volumen geschätzt. Dokumentation enthält Infos über Felssturz am 26.9.2010. www.nimbus.it/ghiacciai/2016/160119_CrolloTreAmici.htm","Paragneis oder Amphibolit","",NA,FALSE,FALSE,"",FALSE,NA,"SLF","Giovanni Mortara, Marta Chiarle, IRPI & CGI ",1,281
"Dachl",2016,5,25,"14:50:00",18000,4,2115,NA,NA,"N",48,15,"Etwas Wasser sichtbar im Anriss.","","",NA,FALSE,FALSE,"",FALSE,2016-05-25,"SLF","Jürgen Reinmüller",1,286
"Piz Pardatschas (Val Strem) ",2016,3,14,"00:00:00",75000,4,2200,701678,173033,"W",47,9,"Volumen auf 50-100'000 m3 geschätzt. Anrissgebiet Gion Giachen? Wahrscheinlich kein Permafrost.","Granit","Sackungsgebiet",FALSE,FALSE,FALSE,"",FALSE,2016-03-15,"SLF","A. Huwiler (Amt für Wald und Naturgefahren GR)",1,287
"Jegihoren",2016,9,28,"16:45:00",45000,4,2300,630133,152254,"NE",47,8,"Grosser Felssturz (Nils Hählen). Registriert durch SED. 30000-60000 m3","Kalkbrekzie, biogener Kalkstein","",FALSE,FALSE,FALSE,"",FALSE,2016-09-28,"SLF","SED, Nils Hählen",1,288
"Parpaner Weisshorn",2016,11,29,"10:30:00",5000,3,2760,765308,180982,"N",47,10,"Mehrere tausend Kubikmeter (>2000 m3 geschätzt). Beobachtet durch Tom Meisser (MA Bergbahnen Arosa) und auf Webcam Urdenbahn. Vorherbild  camserver.z-online.ch/ShowPanorama.aspx?pic=PntX_P0_161129_101508793.jpg Nachher: http://camserver.z-online.ch/ShowPanorama.aspx?pic=PntX_P0_161129_104507635.jpg","Rauhwacke mit Gips (Raiblerschichten) oder Radiolarit und bunte Tonschiefer (inkl. Aptychenkalk am Parpaner Weisshorn) oder Arlbergdolomit","Viele Schichtwechsel",TRUE,FALSE,FALSE,"",FALSE,2016-11-29,"SLF","Peter & Tom Meisser, Webcam Urdenbahn Arosa",1,291
"Grossi Schiben ",2016,9,10,"19:30:00",25000,4,2800,738020,199021,"S",47,9,"Volumen geschätzt durch J. Walcher. Beobachtung durch R. Marti und 1 Jäger. 20000-30000 m3.","Tonstein, Konglomerat und Brekzie, Sandstein","",TRUE,FALSE,FALSE,"",FALSE,2016-09-10,"SLF","Jürg Walcher",1,293
"Picola Croda Rossa",2016,8,18,"12:30:00",500000,5,2859,NA,NA,"N",47,12,"Diverse Filme auf Youtube. Volumen geschätzt vom geol. Dienst. www.planetmountain.com/it/notizie/alpinismo/dolomiti-impressionate-frana-sulla-piccola-croda-rossa.html","","",NA,FALSE,NA,"",FALSE,2016-08-18,"SLF","Youtube",1,296
"Verstanclachöpf",2016,9,8,"10:00:00",NA,3,2990,799050,190887,"N",47,10,"Beim ersten Mal um 10:00 knapp entkommen (Jagd) und um 16:00 einige tausend m3. Fotos vom Anriss folgen. ","Migmatit (Mischgneis)","",TRUE,FALSE,NA,"",FALSE,2016-09-08,"SLF","Vali Meier",2,297
"Flambeau des Ecrins",2016,7,19,"11:00:00",5000,3,3000,NA,NA,"NW",45,6,"Anriss 80-100 m hoch und 50-80 breit. Infos von france3-regions.francetvinfo.fr/alpes/isere/chaleur-et-secheresse-massif-eboulement-au-dessus-de-saint-christophe-en-oisans-1051559.html","","",NA,NA,FALSE,"",FALSE,2016-07-19,"SLF","Mail von Gianni Mortara",2,298
"Pizzo Cengalo",2016,9,11,"14:37:00",160000,5,3020,766621,129772,"N",46,10,"Ca. 160 000 m3 (geschätzt von Laserscans und Fotos). Wurde registriert vom SED um 12.37 UTC. www.facebook.com/151345965059865/videos/551048098422981/ See also http://blogs.agu.org/landslideblog/","Granodiorit","Nahe zu Verwerfung/Bruch",TRUE,FALSE,NA,"",FALSE,2016-09-11,"SLF","Martin Keiser, Andreas Huwiler",1,300
"Fenêtre de Saleina",2016,9,8,"13:30:00",15000,4,3390,568170,92500,"S",46,7,"Volumen geschätzt durch R. Mayoraz und R. Delaloye. Eis im Anriss.","Granit (Mont-Blanc-Granit)","Nahe zu Verwerfung/Bruch",TRUE,FALSE,FALSE,"",FALSE,2016-09-08,"guardaval","Gabriel Besson",1,304
"Grande Fourche",2016,9,9,"00:00:00",5000,3,3460,567760,91760,"SE",46,7,"Volumen geschätzt durch R. Mayoraz und R. Delaloye. Datum ca. 9.9.2016","Granit (Mont-Blanc-Granit)","Nahe zu Verwerfung/Bruch",TRUE,FALSE,FALSE,"",FALSE,2016-09-15,"guardaval","Raphaël Mayoraz",1,305
"Aiguilles Rouges d'Arolla",2016,7,15,"00:00:00",1000,3,3600,599566,100353,"W",46,7,"Volumen geschätzt durch R. Mayoraz.","Metagabbro","",TRUE,FALSE,NA,"",FALSE,2016-07-15,"guardaval","Raphaël Mayoraz",1,307
"Rotstock",2016,4,15,"00:00:00",NA,3,3600,643137,142831,"NW",46,8,"Einige Tausend Kubikmeter.","Biotitgranit bis -granodiorit oder Zentraler Aare-Granit","",TRUE,NA,NA,"",FALSE,2016-04-15,"guardaval","Peter Schwitter",2,308
"Brenva",2016,10,10,"13:00:00",25000,4,3600,556835,76135,"SE",46,7,"Angaben zum Standort evt. nicht ganz genau. Volumen geschätzt. Felssturz hat Schnee-/Eislawine ausgelöst. 15000-35000 m3. www.meteoreport.net/report/564-grossa-valanga-sul-monte-bianco.html","","",NA,FALSE,TRUE,"Ereignis löst Schnee-/Eislawine aus.",FALSE,2016-10-10,"SLF","Fondatione Montagna sicura, Stefan Margreth",1,309
"Steitalgrat",2017,6,11,"00:00:00",2000,3,2985,625561,116706,"S",46,8,"Volumen geschätzt. ca. 2000m3"," Zweiglimmergneise und Chlorit-Muskowitschiefer und -gneise","",TRUE,FALSE,FALSE,"",FALSE,NA,"guardaval","Willy Gitz",1,332
"Pizzo Prevat / Rotstock",2017,7,31,"18:45:00",2000,3,2684,691459,159034,"NW",47,9,"Felssturz aus NW-Wand auf Firnfeld. 1h vor dem Felssturz habe es gerumpelt.","Granatamphibolit oder (Granat-) Glimmer-Alkalifeldspat-Plagioklasgneise","",TRUE,NA,FALSE,"",FALSE,2017-07-31,"SLF","Adrian Wicky",2,334
"Unteres Tatelishore",2017,8,12,"15:45:00",2000,3,2000,617150,144850,"NE",46,8,"Volumen grösser geschätzt (5000 m3). Sehr wahrscheinlich nicht Permafrost. Gemeldet bei Frau Bender-Gal und Nils Hählen.","Sandstein, Kalkstein, Mergelstein","Faltenscharnier in der Nähe",FALSE,FALSE,FALSE,"",FALSE,2017-08-12,"SLF","André Otto",1,335
"Pizzo Cengalo",2017,8,12,"20:30:00",5000,3,2900,766634,129711,"NW",46,10,"Vermehrt Felsstürze in der NW Wand vom Cengalo. Hüttenwart Sciorahütte schreibt alle Ereignisse auf! Volumen geschätzt aufgrund Staubwolke. ","Biotitgranit bis Granodiorit","Nahe zu Verwerfung/Bruch",TRUE,NA,NA,"",FALSE,2017-08-12,"SLF","Südostschweiz",2,337
"Rhonestock",2015,8,6,"00:00:00",1000,3,3400,675156,165240,"S",47,8,"Volumen geschätzt","Zentraler Aare-Granit","Nahe zu Verwerfung/Bruch",FALSE,NA,NA,"",FALSE,2015-08-06,"","Carlo Danioth",2,284
"Piz Grialetsch",2017,8,12,"00:00:00",2000,3,2953,792312,174616,"NW",47,10,"Volumen geschätzt. Zeitpunkt auch. Felssturz lag auf Neuschnee vom 11-12.8. Anriss am oberen Rand des Scalettagletschers. War eine Woche vorher schon aktiv (Andreas Bauder).","Migmatit (Mischgneise) oder Amphibolite (Plagioklas-, Biotit-, Epidot-, Granatamphibolite)","",TRUE,TRUE,FALSE,"",FALSE,2017-08-13,"SLF","Marcia Phillips",2,336
"Sciora Dadent",2017,9,21,"00:00:00",2000,3,3100,768363,129061,"E",46,10,"Volumen geschätzt. Hat Fels-Schnee Lawine ausgelöst"," Amphibolit und Hornblendefels oder Biotitgranit bis Granodiorit ","Nahe zu mächtige Mikrogranit-, Novate-Granit-, Aplit-, Pegmatit- und Quarzgänge",TRUE,NA,TRUE,"Ereignis löst Fels-Schnee Lawine aus.",FALSE,2017-09-22,"SLF","Martin Keiser (AfW GR)",2,342
"Tschingelspitz",2017,9,25,"18:00:00",2000,3,3050,630582,151322,"N",47,8,"Volumen geschätzt von Nils Hählen.","Mikrit (Quinten-Formation)","",TRUE,TRUE,FALSE,"",FALSE,2017-09-25,"StorMe","Nils Hählen",1,343
"Balmhorn",2017,9,25,"00:00:00",2000,3,3250,619818,142256,"N",46,8,"","Kieselknauerkalk","Faltenscharniere in der Nähe",TRUE,NA,NA,"",FALSE,2017-09-25,"","Christian Pfammatter",2,347
"Spitzhore",2017,10,23,"09:53:00",50000,4,2060,589053,135975,"W",46,7,"Volumen geschätzt. Ereignis von SED registriert (08.53 UTC, 1.3)","bioklastischer Kalk, (biogener) Kalkstein","Nahe zu vermuteter Verwerfung/Bruch",FALSE,FALSE,NA,"",FALSE,2017-10-23,"AfW BE","Jörg Häberle",1,349
"Cengalo",2017,10,22,"00:00:00",13000,4,2890,766156,129530,"NW",46,10,"Bei Helirundflug beobachtet. Datum unsicher, ca. 5 Tage vor dem 28.10.2017 (Gemäss Helipilot Hansueli Bärfuss). Volumen gemessen (TLS).","Biotitgranit bis Granodiorit","Nahe zu Verwerfung/Bruch",TRUE,FALSE,NA,"",FALSE,2017-10-23,"SLF","Marcia Phillips",1,353
"Garde de Bordon",1954,7,22,"08:20:00",NA,5,2900,613184,107076,"E",46,8,"Volumen unbekannt (gros éboulement). Wasser im Anriss. Alphütten stark beschädigt. Grosse Staubwolke und danach Ablagerung dicke Staubschicht. Fotos im Bericht von I. Mariétan.","Prasanit, Basalt oder Kalkschiefer, Tonschiefer, Schiefer","Schichtwechsel, nahe zu Verwerfung/Bruch",TRUE,FALSE,FALSE,"",FALSE,1954-07-22,"SLF","Ignace Marietan",2,356
"Piz Valmela",2017,10,18,"13:30:00",2000,3,2555,780918,170803,"NW",47,10,"Volumen geschätzt. Ganz Flanke weg, oberflächlich. Anriss dunkel (Wasser?). Felssturz wurde von Maja Bless gehört (am Gipshorn). Fotos vor- und nachher."," Arlbergdolomit oder Prosantoschichten (Raiblerschichten)","",FALSE,FALSE,NA,"",FALSE,2017-10-18,"SLF","Maja Bless",1,357
"Pointe Bioula I",2017,8,25,"00:00:00",20000,4,2900,579284,50117,"N",46,7,"Datum von Planetscope image festgelegt. Volumen geschätzt. Eis im Anriss. Genaue Koordinate nicht bekannt.","","",NA,FALSE,NA,"",NA,2017-08-26,"SLF","Davide Bertolo",1,358
"Bietschhorn",2018,4,7,"00:00:00",1000,3,3060,631055,138656,"NW",46,8,"Bei der Abbruchstelle des Hängegletschers. Evt. Lockermaterial aus Spalte? Doku mit Satellitenbilder Sentinel, VAW Kameras. EZ klärt ab, was der lange dunkle Streifen ist im Bild oben rechts. Ereignis zwischen 7. und 14.4.","Vermutlich Granitische Gneise","",TRUE,TRUE,NA,"",TRUE,2018-04-17,"SLF","E. Zenklusen (Geoformer)",1,360
"Ochs",2018,7,12,"13:34:00",1000,3,3170,648927,156830,"W",47,8,"Volumen geschätzt. Material auf Gletscher abgelagert.","Orthogneis (Jungfraugipfel-Granit)","",FALSE,TRUE,FALSE,"",FALSE,2018-07-12,"SLF","StorMe, Nils Hählen",1,361
"Linard Pitschen",2018,7,27,"20:05:00",25000,4,2959,801711,185888,"NE",47,10,"Volumen geschätzt. Eis im Anriss. Grosse Staubwolke, mehrere mm Ablagerung auf der Alp, 1mm in Lavin. Dauernd Nachstürze (siehe Video).","Amphibolite (Plagioklas-, Biotit-, Epidot-, Granatamphibolite)","Auskeilender Paragneis SE der Abbruchstelle",TRUE,FALSE,FALSE,"",FALSE,2018-07-27,"SLF","Martin Keiser",1,363
"Cengalo",2017,9,15,"00:00:00",400000,5,2970,766723,129639,"NE",46,10,"Volumen durch TLS bestimmt.","Biotitgranit bis Granodiorit","Nahe zu Verwerfung/Bruch",TRUE,FALSE,NA,"",FALSE,2017-09-15,"SLF","SLF, AfW GR",1,341
"Cengalo",2017,8,21,"11:30:00",150000,5,2900,766701,129702,"NW",46,10,"Volumen geschätzt.","Biotitgranit bis Granodiorit","Nahe zu Verwerfung/Bruch",TRUE,FALSE,FALSE,"",FALSE,2017-08-21,"AfW GR","Martin Keiser",1,348
"Spitze Stei",2018,8,21,"00:00:00",1000,3,2815,621722,147685,"N",46,8,"Gebiet nördlich vom Doldenhorn (Spitze Stei) bewegt sich langsam talwärts. Mehrere Felsabbrüche und kleinere Murgänge in der letzten Zeit. Abbrüche in den letzten Wochen von mehreren 1'000 m3 Lockermaterial.Das sich in Bewegung befindliche Potential (Fels und Geröll) ist aber um ein Vielfaches grösser.","Öhrli-Mergel oder Mergelstein aus Zementstein-Formation","Sackungsmasse",TRUE,FALSE,FALSE,"",FALSE,2018-08-21,"SLF","Nils Hählen",1,373
"Breithorn / Grosse Grabe",2018,8,26,"00:00:00",1000,3,2920,629850,110685,"N",46,8,"Wasser im Anriss.","Zweiglimmergneise und Chlorit-Muskowitschiefer und -gneise oder grobflaserige Augengneise (Augengneis von Randa)","Aplitlinsen in der Nähe, Nahe von vermutetem Bruch",TRUE,FALSE,FALSE,"",FALSE,2018-08-26,"Willy Gitz","Eric Pointner",1,375
"Grand Cornier / Les Bouquetins",2018,9,8,"15:00:00",25000,4,3400,613272,100868,"E",46,8,"Volumen geschätzt (mehrere tausend m3).","Orthogneis, Augengneis","Nahe von Faltenscharnieren",TRUE,TRUE,FALSE,"",FALSE,2018-09-08,"guardaval","Guardaval",1,379
"Scima da Rügiul",2018,8,1,"16:50:00",1000,3,2700,807800,140760,"NW",46,10,"Felsen stürzten 20 min lang. Immer wieder aktiv dort (auch 2017). Volumen geschätzt (mehrere hundert m3, sehr grosse Blöcke darunter).","Orthogesteine der Grosina-Serie, Augengneise und Injektionsgesteine oder Paraschiefer der Grosina-Serie","",TRUE,FALSE,FALSE,"",FALSE,2018-08-01,"SLF","Ezio Crameri (Kapo GR)",1,382
"Grand Cornier ",2018,9,27,"15:00:00",20000,4,3200,614446,100564,"N",46,8,"Viel Eis im Anriss (aber nicht erhältlich wegen Gefahr). Volumen geschätzt durch R. Mayoraz. ","Orthogneis, Augengneis","",TRUE,TRUE,FALSE,"",FALSE,2018-09-27,"Guardaval, Raphaël Mayoraz","Guardaval, Raphaël Mayoraz",1,383
"Tsanfleuron (Oldenhorn-Sanetschorn Grat)",2019,4,28,"02:37:00",50000,4,2700,585138,130728,"S",46,7,"Volumen geschätzt durch M. Huss (100 m hoch, 50 m breit, 10 m mächtig). Genauer Zeitpunkt von SED. Wasser im Anriss. Gletscher am Fuss der Wand bis 2015.","Helvetischer Kieselkalk, Mergelstein","Wildhorndecke. Einige vertikale Verwerfungen etwas weiter östlich.",FALSE,TRUE,FALSE,"",FALSE,2019-04-28,"M. Phillips","M. Huss, SED, Guardaval",1,387
"Grosser Graben St.Niklaus",2019,8,27,"19:00:00",NA,4,2688,629660,111250,"S",46,8,"","Granit, Orthogneis","",TRUE,FALSE,FALSE,"",FALSE,NA,"S.Halter","Willy Gitz",1,405
"Piz Buin Pitschen",2019,11,1,"10:05:00",1000,3,3100,804043,191429,"E",47,10,"Zweites Eereignis um 10.15 Uhr.","Amphibolit oder Migmatit (Mischgneis)","Nahe zu Überschiebung",TRUE,FALSE,FALSE,"",FALSE,2019-11-01,"M. Phillips","Peter Steenaerts",1,409
"Steingletscher",2020,2,21,"21:59:00",150000,5,2500,676478,173062,"N",47,8,"Wurde vom SED registriert (1.1). Felsinsel im Steingletscher. Volumen geschätzt. Laut Bericht ein Volumen von 80'000 m3 bis 100'000 m3","Migmatit (Mischgneis), Amphibolit","",FALSE,TRUE,FALSE,"",TRUE,2020-02-22,"M. Phillips","M. Hepting, N. Hählen",1,410
"Steingletscher",2019,11,17,"07:04:00",150000,5,2500,676478,173062,"N",47,8,"Vom SED registriert. Erst entdeckt als das Ereignis vom 21.2.20 entdeckt wurde. Sichtbar auf Satellitenaufnahmen. Volumen geschätzt. Ablagerung >1km (wird nach der Schneeschmelze 2020 untersucht).","Migmatit (Mischgneis), Amphibolit","",FALSE,TRUE,FALSE,"",TRUE,NA,"M. Phillips","SED",1,411
"Grosser Graben St. Niklaus",2020,6,29,"00:00:00",200000,5,2680,629660,111270,"SW",46,8,"Koordinaten Anriss nach Bilddokumentation abgeschätzt. Sichtbares Eis in Bilddoku. Nach Permafrost Hinweiskarte SLF kein Permafrost. Bruch im NE, Luftlinie 282 m, weitere Fortsetzung aber möglich. Gesamtvolumen 200'000 m3 mit TLS bestimmt (Reynald Delaloye). Permafrost von Nordseite (ganzer Grat zerbricht).","Granit, Orthogneis","Nahe zu Verwerfung/Bruch",FALSE,TRUE,FALSE,"",FALSE,NA,"SLF","Gemeinde St. Niklaus, Wallis",1,413
"Täschgufer",2020,6,9,"00:45:00",2000,3,2780,628420,102720,"W",46,8,"3 Felsstürze (00:45, 10:00, 23:30) im Gebiet Täschgufer, Gesamtvolumen angegeben, 2000-3000 m3.","Amphibolit","",TRUE,FALSE,FALSE,"",FALSE,2020-06-09,"SLF","Guardaval",1,414
"Spitze Stei",2023,6,19,"06:48:00",30000,4,2364,621270,148072,"NW",46,8,"Schuttsturz, NICHT Felssturz","Moräne","Auf Spitze Stei Instabilität, Sektor West",FALSE,TRUE,FALSE,"",FALSE,2023-06-19,"SLF","Nils Hählen",1,475
"Eiger Ostwand",2023,6,22,"00:00:00",15000,4,3164,643863,158127,"E",47,8,"Volumen geschätzt durch N. Hählen und M. Phillips (Rekoflug). Alte Galerie abgestürzt. Neben Wasserfall.","Mikrit","Alte Galerie. Neben Wasserfall.",TRUE,TRUE,FALSE,"",FALSE,2023-06-22,"SLF","Nils Hählen, Marcia Phillips",1,476
"Piz Cambrena",2023,7,8,"05:15:00",5000,3,3098,794940,141098,"W",46,10,"Auf Palü Route gelandet.","Paragneis","Nache Bruchlinie. Stark zerklüftet.",TRUE,TRUE,FALSE,"Etwas Schnee mitgerissen",FALSE,2023-07-08,"SLF","Björn Casserini",1,477
"Piz Gannaretsch",2020,9,21,"09:00:00",3000,3,2920,703063,163284,"NW",47,9,"Kein Eis im Anriss sichtbar. Anrissbreite 50 m, Anrisshöhe 70 m laut Carlo Monn. Bilder folgen im Herbst.","Migmatit","",TRUE,TRUE,FALSE,"",TRUE,NA,"SLF","Felssturz-Fragebogen, ausgefüllt von Carlo Monn",1,423
"Col du Tseudet",2020,9,4,"16:00:00",25000,4,3130,584480,83607,"E",NA,NA,"Volumen anhand von Fotos abgeschätzt.","Gneis, Schiefer","",TRUE,NA,FALSE,"",FALSE,2020-09-04,"SLF","Guardaval",2,426
"Balfrin",2019,8,13,"00:00:00",15000,4,3560,634439,109670,"SE",NA,NA,"Ereignis in der Nacht vom 13.08.2019 auf den 14.08.2019.","Gneis","Nahe Faltenscharnier",TRUE,FALSE,TRUE,"Material verhindert Abfluss im Couloir. Weitere Steinschläge und Murgänge sind die Folge, andauernd bis zum 18.08.2019.",FALSE,2019-08-14,"SLF","",2,428
"Bouquetins",2019,9,7,"12:55:00",15000,4,3420,608648,92225,"S",NA,NA,"Volumen grob geschätzt anhand Bilder. Ereignis aufgezeichnet am 7.9.2019 vom SED. Beobachtung erst am 11.9.2020.","Gneis, Gabbro","Nahe Schichtwechsel Gneis/Gabbro. Nahe zu Faltung.",TRUE,TRUE,FALSE,"",FALSE,2020-09-11,"SLF","Jonas Wicky, SED",2,433
"Spitze Stei",2019,12,20,"09:40:00",20000,4,2800,621729,1477001,"N",NA,NA,"Ereignis aufgezeichnet vom SED.","Öhrli-Mergel oder Mergelstein aus Zementstein-Formation","Sackungsmasse",TRUE,FALSE,FALSE,"",FALSE,2019-12-20,"SLF","John Clinton, SED",2,437
"Fuorcla dals Aguagliouls (Piz Roseg)",2021,1,30,"00:00:00",90000,4,3400,786999,139554,"NW",46,10,"Ereignis NICHT vom SED erfasst. Datum vermutet. Volumen geschätzt mit Leapfrog. Reccoflug M. Phillips und S. Margreth.","Granit, Gabbro, Diorit","Verwerfung am W Rand",TRUE,TRUE,TRUE,"Gletschereis und Schnee mitgerissen. Ablagerung 3.3 km",FALSE,2021-02-01,"SLF","Thomas Bärfuss, Stefan Margreth, Marcia Phillips",1,438
"Mutthorn Hütte",2019,8,16,"19:00:00",5000,3,2900,630082,148393,"SE",46,8,"Live gefilmt. Eis im Anriss. Erst 2021 davon erfahren.","Gneis","",TRUE,TRUE,FALSE,"",FALSE,2019-08-16,"SLF","Patrik & Teri (blog)",1,439
"Wetterhorn",2021,7,20,"00:00:00",15000,4,3420,651351,165293,"S",47,8,"Volumen von Nils Hählen geschätzt ca. 10-20k m^3. Zeitraum Ereignis ebenfalls durch Nils aufgrund von Satellitenbildern.","Eisenschüssiger Kalk, Mikrit, Mergelstein","",TRUE,TRUE,FALSE,"",FALSE,2021-07-22,"SLF","Nils Hählen",1,443
"Le Dôme",2021,7,9,"09:24:00",1000,3,2990,581995,129197,"S",46,7,"Volumen sehr grobe Schätzung aufgrund des Videos.","Bioklastischer Kalk, Kalkstein, undifferenziert","",TRUE,TRUE,FALSE,"",FALSE,2021-07-09,"SLF","20 Minuten online, 10.07.2021",1,448
"Wasenhorn",2012,8,11,"00:00:00",222355,5,2700,676855,178998,"NW",47,8,"ca. am 11.08.2012, weitere Aktivität Juli 2017 (Martin Gentner und Theo von Atzigen), Volumen mit ArcGIS berechnet, DEMs 2019 und 2014 (Nachführungsstände 2016 und 2010)","Erstfeld-Zone, Erstfeld-Gneis, Biotit-Plagioklasgneis",NA,TRUE,NA,NA,NA,FALSE,NA,"SLF","Theo von Atzigen (Heli Gotthard)",1,181
"Ritzlihorn (Mattenlimmi)",2020,9,30,"01:45:00",145000,5,2625,662292,165896,"N",NA,NA,"Volumen laut Nils Hählen bisher nicht genau bestimmt, er geht aber davon aus, dass es mind. 50'000 m3 sind. Abbruch erfolgte in mehreren Schüben, Hauptabbruch um ca. 01:45","Gneis (Aar-Massif)",NA,TRUE,FALSE,NA,NA,FALSE,2020-09-30,"SLF","Nils Hählen",1,424
"Cambrena",2015,7,28,"06:55:00",5000,3,3270,794960,140800,"W",46,10,"Volumen mit TLS bestimmt am 28.7.2015 (Robert Kenner). Mächtigkeit nicht bekannt aber ca. 1-2 m. Rega Bilder vertraulich.","Alkalische Intrusivsuite (postvariskisch), Granit, Aplit","Nahe zu vermuteter Verwerfung/Bruch",TRUE,FALSE,FALSE,"",FALSE,2015-07-28,"SLF","REGA, Hansueli Bärfuss, Dominik Hunziker",1,277
"Kärpftor",2007,9,28,"00:00:00",16000,4,2650,725720,197465,"NW",47,9,"Abbruch eines Felsturmes im östlichen Bereich des Kärpftors, Eisvorkommen an der Basis des Turmes","Mergelstein, bioklastischer Kalk, Sandstein","Nahe zu Verwerfung/Bruch",TRUE,FALSE,FALSE,"",FALSE,2007-09-28,"SLF","louis Ingenieurgeologie 2008",1,119
"Grande Dent Veisivi",2015,9,2,"00:00:00",80000,4,3400,606870,99788,"W",46,8,"Mehrere Ereignise (31.8, 2.9 und 3.9, grösstes Vormittags am 2.9). Fotos von Vincent Bettler (31.8), Bernard Maître, Christoph Lambiel.","Augen- und Orthogneis, Granit","Nahe zu Verwerfung/Bruch",TRUE,FALSE,FALSE,"",FALSE,2015-09-02,"SLF","guardaval ",1,280
"Cengalo",2017,8,23,"09:30:00",3000000,6,3075,766734,129598,"NE",46,10,"Volumen durch TLS bestimmt. Hat Erdbeben von 3.0 ausgelöst. Quasi-simultan Murgang bis Bondo. Ca. 600'000 m3 Gletscher erodiert. 8 Personen vermisst.","Biotitgranit bis Granodiorit","Nahe zu Verwerfung/Bruch",TRUE,FALSE,TRUE,"Ereignis löst 3.0 Erdbeben aus. Bergsturzmasse riss zusätzlich 600'000 m3 Gletschereis mit, was zu Schuttströmen/Murschüben führte.",NA,2017-08-23,"SLF","SLF, AfW GR",1,340
"Ortstock",2020,8,8,"08:42:00",15000,4,2520,715398,198355,"N",47,9,"Ereignis von SED registriert. Volumen geschätzt 20'000 m3 (Nadine Philippi), 10'000-15'000 (Robert Kenner). Kurz nach dem Ausbruch war noch Eis im Anriss sichtbar. ","Mergelstein, Mikrit","Nahe zu Verwerfung/Bruch",TRUE,FALSE,FALSE,"",FALSE,2020-08-08,"SLF","SED, Nadine Philippi",1,416
"Steitalgrat (Jungtal)",2018,6,27,"00:00:00",5000,3,2990,625550,116705,"S",46,8,"Eis im Anriss. Durch SED gemeldet. Fotos von Heliflug.","Zweiglimmergneise und Chlorit-Muskowitschiefer und -gneise","",TRUE,FALSE,FALSE,"",FALSE,NA,"Willy Gitz","Willy Gitz",1,376
"Piz Umur",2023,2,10,"00:00:00",60000,4,3235,788462,140416,"W",46,10,"Wiederholt Felsstürze/Blockschlag. Grosses Ereignis am 10.2.2023. SED hat ein Ereignis am 23.2.2023 08:46:22h gemessen. Evt. Gipfelbereich? Volumen geschätzt von MP.","Granit, Gabbro, Diorit","",TRUE,TRUE,FALSE,"",FALSE,2023-02-10,"SLF","Helibernina; Marcia Phillips",2,472
"Flüela Wisshorn",2019,3,19,"00:00:00",300000,5,3022,792950,182023,"NW",47,10,"Volumen gemessen (Swissalti3D, Drone, TLS). Genauer Zeipunkt vom SED gemessen.","Augengneis","Verwerfung am W Rand",TRUE,TRUE,TRUE,"Hat eine grosse Schnee Lawine ausgelöst, die bis zur Passstrasse geflossen ist.",FALSE,2019-03-20,"SLF","SED, Tourengänger",1,386
"Piz Umur",2023,2,23,"00:00:00",20000,4,3248,788464,140430,"W",46,10,"Zeitpunkt SED (aber nicht sicher ob dieses Ereignis)","Granit, Gabbro, Diorit","",TRUE,TRUE,FALSE,"",FALSE,2023-02-23,"SLF","SED, H. Bärfuss, M. Phillips",1,473
"Fluchthorn A/CH",2023,6,11,"15:05:00",1000000,6,3396,812442,197339,"W",47,10,"Zeitpunkt vom SED registriert. Berg 19 m tiefer. Volumen durch Uni Innsbruck gemessen (Scan).","Amphibolit","",TRUE,TRUE,TRUE,"Schnee und Wasser aus Seen mitgerissen, Murgang",NA,2023-06-11,"SLF","Medien, Lukas Bickel (Tirol)",1,478
"Piz de las Sterlas",2023,6,11,"17:50:00",75000,4,3140,792956,154337,"W",47,10,"Erster Abbruch Januar 2023 (Roland Meister). Felssturz vom 11.6.2023 ca. 50-100'000 m3 laut M. Keiser. Zeitpunkt registriert durch SED. Erste Meldung Anselm Tscharner (Hüttenwart) Segantini). Eis im Anriss.","Augengneiss","",TRUE,FALSE,FALSE,"Hat Schnee mitgerissen/vor sich hergeschoben",FALSE,2023-06-11,"SLF","Anselm Tscharner, Martin Keiser",1,479
"Eiger Nordwand",2023,8,29,"00:00:00",1000,3,3360,643254,158794,"N",47,8,"Massive Eisschicht in gesamte Trennfläche. Oberhalb Rote Fluh in Ghillini-Piola Route. Volumen geschätzt (Nils Hählen).","Mikrit","",TRUE,FALSE,FALSE,"",FALSE,2023-08-29,"SLF","Nils Hählen, Fotos Johann Kaufmann",1,480
"Titlis ",2023,9,1,"17:02:00",20000,4,3162,676356,180515,"S",47,8,"Wurde vom SED registiert. Volumen geschätzt (Nils Hählen).","Mergelstein, Kalkoolith, Spatkalk","Faltenscharnier",TRUE,FALSE,FALSE,"",FALSE,2023-09-01,"SLF","Nils Hählen, SED",1,481
"Badus",2023,9,6,"00:00:00",1000,3,2807,693710,163895,"W",47,9,"Wurde gefilmt (Carlo Danioth). Rekoflug Lukas Eggimann.","Serpentinit, Gneis, Amphibolit","",TRUE,FALSE,FALSE,"",FALSE,2023-09-06,"SLF","Lukas Eggimann",1,482
"Gemmstock",2023,9,23,"17:29:00",3000,3,2930,689999,162002,"NW",47,9,"Seismometer am Gemsstock hat das Ereignis registriert. Einige Blockschläge vorher. Volumen durch Gemsstock Team geschätzt. ","Serpentinit, Gneis, Amphibolit","",TRUE,TRUE,FALSE,"",FALSE,2023-09-24,"SLF","Carlo Danioth",1,484
"Piz Val Müra",2023,9,23,"23:30:00",5000,3,3141,787935,167096,"N",47,10,"Volumen geschätzt. Hüttenwarte Keschhütte haben lautes rumpeln um 23.30h am 23.9.2023 gehört. Einige Vor- und Nachboten.","Kesch Augengneis","",TRUE,TRUE,FALSE,"",FALSE,2023-09-24,"SLF","Joël Borner, Keschhütte",1,485
"Piz Scerscen",2023,10,15,"00:00:00",100000,5,3535,788998,139655,"W",46,10,"Volumen geschätzt. Wurde vom SED registriert. Vermutlich grösser als 100Km3!","Granit, Gabbro, Diorit","Grosser Bruch quer durch, markante Rinnen auf beiden Seiten",TRUE,TRUE,TRUE,"Schnee mitgerissen/vor sich hergeschoben",FALSE,2023-10-15,"SLF","Martin Keiser, Helibernina",1,486
"Pointe de Bricola",2023,10,2,"00:00:00",40000,4,3590,611838,101221,"W",46,8,"Volumen geschätzt von Alexandre Vogel VS. Gletscher am Gipfel (E Seite) bis in den 1960ern.","Arollla Gneiss","Bruchlinie",TRUE,FALSE,FALSE,"",FALSE,2023-10-02,"SLF","Guillaume Favre Bulle ",1,487
"Piz Bever Pitschen",2023,11,27,"00:00:00",25000,4,2940,778354,155811,"N",47,10,"Eis im Anriss. Datum geschätzt da am Tag davor und danach Schneefall. Anrisshöhe ca. 4 m (D. Accola). Volumen geschätzt (MP: 20x30x4 m). ","Err-Granodiorit","",TRUE,FALSE,FALSE,"",FALSE,2023-11-27,"SLF","David Accola",1,488
"Plattenflue",2022,4,14,"00:00:00",5000,3,2580,785224,174857,"NW",47,10,"Volumen von M. Phillips geschätzt. Laserscan am 21.4.22 falls mehr kommt. Anriss und Material sehen nass aus. Koord noch ungenau. Datum unsicher, am 14. oder 15. April.","Dolomit, Kalkstein, S-charl Formation, Silvretta Decke","Faltscharnier. Obere Kante der Wand ist eine Verwerfung.",TRUE,FALSE,TRUE,"etwas Schnee mitgerissen",FALSE,2022-04-14,"SLF","Tomi Hartmann",1,452
"Hiendertelltihoren",2021,12,2,"02:08:00",30000,4,2798,660675,161596,"NE",47,8,"Volumen von Nils Hählen geschätzt. Genauer Zeitpunkt: SED","Zentraler Aare Granit","",TRUE,TRUE,FALSE,"",FALSE,2022-07-06,"SLF","Nils Hählen BE",1,453
"Rotstock",2022,7,15,"00:00:00",2000,3,2870,642205,143254,"NW",46,8,"Volumen von Peter Schwitter VS geschätzt.","Granit","",TRUE,TRUE,FALSE,"",FALSE,NA,"SLF","Guardaval",1,455
"Piz Dolf / Trinserhorn",2022,8,14,"07:12:00",20000,4,2989,739013,196542,"NE",47,9,"50'000 m3 instabil. Unklar wieviel genau schon runter.","Kalkstein, Tonstein, Arkose","",TRUE,FALSE,FALSE,"",FALSE,2022-08-14,"SLF","Beat Jäger, Sardonahütte",1,456
"Täschhorn, Mischabelgrat",2022,8,20,"00:00:00",1000,3,4009,632709,103065,"E",46,8,"Volumen von MP geschätzt.","Gneiss","",TRUE,TRUE,FALSE,"",FALSE,2022-08-22,"SLF","Jonas Wicky",1,457
"Spitze Stei",2022,8,23,"09:49:00",10000,4,2578,621861,147975,"NW",46,8,"Volumen von Robert Kenner gemessen (TLS). Datum 20-22. August. Cluster event.","Mergelstein, Mergelkalk","Sackungsmasse",TRUE,FALSE,FALSE,"",FALSE,2022-08-23,"SLF","Nils Hählen",1,458
"Hörnligrat Matterhorn",2022,8,28,"00:00:00",1000,3,3040,618849.47,92501.46,"N",46,8,"Volumen von MP geschätzt","Quartzit, Kalkschiefer","",TRUE,TRUE,FALSE,"",FALSE,2022-08-28,"SLF","Willy Gitz",1,459
"Plattenflue",2022,7,8,"17:18:00",30000,4,2657,785170.9,174820.7,"N",47,10,"Volumen mit TLS bestimmt durch Robert Kenner. Wasser/Eis im Anriss. Cluster Event.","Dolomit, Kalkstein","Faltenscharnier gerade unterhalb",TRUE,FALSE,FALSE,"",FALSE,2022-07-08,"SLF","Robert Kenner, Tomi Hartmann",1,460
"Jungfrau",2022,9,11,"15:00:00",10000,4,3915,640144,153853,"S",47,8,"Viele 1000 m3, wahrsch. mehr (N. Hählen).","Orthogneis, Paragneis; Migmatit","Kleiner Gletscher unmittelbar darunter",TRUE,TRUE,FALSE,"",FALSE,2022-09-11,"SLF","Nils Hählen BE",1,461
"Les Mines",2022,10,3,"12:00:00",1000,3,2504,586542,106328,"NW",46,7,"Volumen von Marc Maret VS geschätzt. MP war wandern, musste umkehren. Kein PF auf SLF Karte aber auf BAFU Karte.","Augengneis, Bändergneis, Grünschiefer","",FALSE,FALSE,FALSE,"",FALSE,2022-10-03,"SLF","Guardaval",1,462
"Piz Beverin",2022,10,13,"00:00:00",2000,3,2890,746894,168761,"N",47,9,"Koordinate unsicher!","Tonschiefer, Marmor, Quartzite","",TRUE,FALSE,FALSE,"",FALSE,2022-10-13,"SLF","Andreas Huwiler GR",1,463
"Gemelli",2022,11,4,"00:00:00",10000,4,2850,767391,129565,"E",46,10,"Volumen von R. Kenner/M. Keiser GR geschätzt. Ablagerung ca. 600 m lang, auf Gletscher","Granodiorit","",TRUE,FALSE,FALSE,"",FALSE,2022-11-04,"SLF","Andrea Giovanoli",1,465
"Mattwaldhorn",2022,7,16,"14:30:00",1000,3,2940,640183,116775,"NE",46,8,"Immer wieder Ereignisse, Wasseraustritte beobachtet. Volumen unbekannt, vermutlich nicht sehr gross.","Gneis","",TRUE,FALSE,FALSE,"",FALSE,2022-07-16,"SLF","Guardaval, M. Krähenbühl",1,466
"Piz Scerscen",2024,4,14,"06:56:00",5000000,6,3620,789061,139384,"W",47,7,"ca. 5 mio m3 Fels, 1 mio m3 Eis darauf. Ablagerung ca. 8 mio m3. Eis und Wasser im Anriss.","Granit, Gabbro, Diorit","Bruchlinie",TRUE,TRUE,TRUE,"Schnee und Eis mitgerissen",FALSE,2024-04-14,"SLF","Martin Keiser",1,489
"Tschingelhorn",2024,10,3,"09:47:00",100000,5,2800,735841,195689,"NE",47,7,"Vom SED registriert. Vol. berechnet durch UNESCO Welterbe Tektonik Arena","Glarner Verrucano","Bruchlinie beim Martinsloch (am Fuss des Grats)",TRUE,FALSE,FALSE,"",FALSE,NA,"SLF","SED, Medien",1,490
"Dent de Pro",2024,11,2,"12:42:00",130000,5,3487,584739,83366,"N",47,7,"Mehrere Ereignisse (vom SED gemessen) ab 2.11.2024. Vol. geschätzt durch G. Favre Bulle (VS). Kleineres Ereignis auf der Südseite (gleichzeitig).","Gneis, Schiefer, Prasinit","",TRUE,FALSE,FALSE,"",FALSE,2024-11-02,"SLF","SED, Guardaval",1,491
"Winterstock",2024,8,24,"18:05:00",10000,4,3202,677793,163737,"N",47,7,"Registriert vom SED, gefilmt von Bergsteigern. Vol. geschätzt (MP)","Granit","",TRUE,FALSE,FALSE,"",FALSE,2024-08-24,"SLF","SED, Lukas Eggimann UR",1,492
"Matterhorn",2024,8,27,"03:00:00",5000,3,4125,617280,91794,"E",47,7,"Vol. geschätzt (MP): Felssporn ca. 20x20x10 m+","Orthogneiss","Genau zwischen 2 horizontale Überschiebungen",TRUE,FALSE,FALSE,"",FALSE,2024-08-28,"SLF","Hüttenwarte Hörnlihütte",1,493
"Petit Ruan",2023,6,29,"20:30:00",2500,3,2550,5578825,108479,"NE",47,7,"Vol. geschätzt G. Cheseaux, Kt. VS","Mikrit, Kalk, Mergelstein","Ganze Schicht ausgebrochen",TRUE,TRUE,TRUE,"Viel Schnee mitgerissen",FALSE,2023-06-30,"Guardaval","Guardaval",1,494
"Grosse Grabe",2023,9,17,NA,36000,4,2885,629948,110823,"W",NA,NA,"Meldung Willy Gitz und Reynald Delaloye. Laserscan R. Delaloye","Augengneis","Dipslope",TRUE,FALSE,FALSE,NA,FALSE,2023-09-17,"SLF","Reynald Delaloye",1,483
"Vrenelisgärtli (Chanzle)",2024,9,21,"00:00:00",1000,3,2600,720305,207344,"N",NA,NA,"Vol. geschätzt (MP): ca. 40 m hoch x 10 x 2","Spatkalk / Mergelgestein","Ganze Schicht ausgebrochen, Falte",FALSE,TRUE,FALSE,"",FALSE,2025-09-22,"SLF","Adrian Frey",2,495
"Le Portalet",2024,8,28,"00:00:00",2000,3,3080,570572,93660,"N",NA,NA,"Vol. schwierig zu schätzen ab Film.","Granit","Bruch, vertikal (parellel zum Felssturz)",TRUE,TRUE,FALSE,"",FALSE,2024-08-28,"SLF","Nicole Berthod",2,496
"Colle Signal (I)",2024,12,26,"22:24:00",10000,4,3730,635016,86172,"N",NA,NA,"Vol. geschätzt. Evt. subglazialer Ausbruch?? Registriert vom SED.","Biotitgneis","",TRUE,TRUE,FALSE,"Schnee mitgerissen, lange Auslaufstrecke über Belverdere Gletscher",FALSE,2024-12-27,"SLF","SED, Air Zermatt",2,498
"Klein Aletschhorn",2024,12,25,"00:00:00",70000,4,3535,641198,146213,"W",NA,NA,"Vol. vor Ort geschätzt (P. Schwitter).","Granodiorit/Amphibolit","Schichtgrenze, unterhalb Verwerfung",TRUE,TRUE,FALSE,"",FALSE,2024-12-27,"Guardaval","Peter Schwitter, Guardaval",2,499
"Petit Combin",2024,9,3,"00:00:00",5000,3,3484,586138,92686,"N",NA,NA,"Vol. vor Ort geschätzt (D. Maret). Eis im Anriss.","Gneiss, Schiefer, Prasinit","",TRUE,TRUE,FALSE,"",FALSE,2024-12-28,"Guardaval","David Maret, Guardaval",2,500
"Portalet - Ravines Rousses",2024,6,21,"00:00:00",100000,5,2700,571392,93194,"SE",NA,NA,"Vol. von einem Ingenieur vor Ort geschätzt.","Granit","",FALSE,FALSE,FALSE,"",FALSE,2024-07-12,"Guardaval","Eric Berclaz, Guardaval ",2,502
"Corvatsch",2024,7,9,"00:00:00",1000,3,3290,2783202,1143539,"N",47,7,"R. Meister schätzt ca. 500 m3, sieht aber nach mehr aus. 10 m neben Stabilisierungsanker unter Bergstation Corvatsch.","Granodiorit","",TRUE,TRUE,FALSE,"",FALSE,2025-07-10,"SLF","Roland Meister",1,503
"Kleines Nesthorn",2025,5,19,"00:00:00",6000000,6,3260,2630955,1138519,"NE",47,7,"","Gneis","",TRUE,TRUE,TRUE,"Mehrere Felsstürze landeten auf den Birchgletscher. Am 28.5.2025 versagte der Gletscher und das Dorf Blatten wurde begraben.",FALSE,NA,"SLF","Guardaval/SED",1,505
"Piz Cancian",2025,7,5,"00:00:00",1000,3,3050,2797330,1129079,"NE",47,7,"Vermehrt Felsstürze in den Tagen zuvor.","Granodiorit","überschiebung unterhalb, mehrere Schichtgrenzen unterhalb",TRUE,FALSE,FALSE,"",FALSE,2025-07-05,"SLF","Loris Vasella/Michael Hohl/Ezio Crameri",1,506
"Sandgipfel Tödi",1964,12,25,"00:00:00",5500000,6,3390,2713471,1186468,"NE",47,7,"Entdeckt auf swisstopo Luftbildern durch Robert Kenner. Volumen geschätzt ab Ablagerung. Volumen im Kantonsarchiv 800'000 m3. Volumen gemessen auf swisstopo 5.5 mio m3 (R. Kenner).","Mikrit","",TRUE,FALSE,NA,"",FALSE,1964-12-26,"SLF","Gemeinde Glarus",1,507
"Clariden Boggtschingel",2025,6,14,"00:00:00",250000,5,2890,2710225,1189419,"NW",47,7,"Wasser im Anriss. Ablagerung hat Eishöhle verschüttet. Vol. durch L. Eggimann geschätzt (M. Huss hat 500K geschätzt). ","Mikrit","Zwischen Mergel (oben) und Flysch (unten)",TRUE,FALSE,FALSE,"",FALSE,2025-06-14,"SLF","Matthias Huss, Lukas Eggimann",1,508
"Grande Dixence",2025,7,12,"12:40:00",10000,4,2670,2597817,1103082,"NW",47,7,"Wurde live beobachtet. Vol. geschätzt durch Gilles Sierro VS. Unterhalb und westlich von 'La Perratsèche' (pot. Instabilität im Projekt Instabile Felswände VS). Wasserleitung/Tunnel im Berg drunter.","Mergelkalk","Oberhalb von einer Überschiebung.",TRUE,FALSE,FALSE,"",FALSE,2025-07-12,"SLF","Guardaval, Medien",1,509
"St. Annagrat",2025,9,7,"00:00:00",20000,4,2900,2689120,1161120,"N",47,7,"Volumen bestimmt durch Geotest. Felssturz in mehreren Etappen. Seismometer Gemsstock. Kamera auf Chastelhorn. Grosser Riss auf Südseite und erhöhte Blockschlagfrequenz ab 5.9.2025","Amphibolit, Metagabbro","",TRUE,TRUE,FALSE,"",NA,2025-09-07,"SLF","Geotest, Gemsstock",1,511
"Val Zuort",2025,9,14,"17:29:00",500000,5,2900,2816450,1179946,"NW",47,7,"Diverse Beobachtungen aus Scuol. SED 1.5. Volumen geschätzt durch Martin Keiser AWN. Hat Gletschereis mitgerissen. Ablagerung 1 km, auf Blockgletscher. ","Dolomit","Risse vorher vorhanden",TRUE,TRUE,TRUE,"Gletschereis mitgerissen",FALSE,2025-09-14,"SLF","AWN GR, diverse Beobachtungen",1,512
"Piz Tremoggia",2025,9,27,"06:08:00",100000,5,3300,2783336,1136270,"NW",47,7,"Datum nicht sicher aber Neuschnee vom Vortag mitgerissen. Volumen geschätzt (MP). 1.1 km Auslaufdistanz.","Kalkstein, Tonstein","Schichtgrenze oberhalb (Dolomit), Verwerfung südlich vom Anriss.",TRUE,TRUE,TRUE,"Schnee auf Gletscher mitgerissen",FALSE,2025-09-28,"SLF","Helibernina: Adi Gloor",1,513
"Golegghore",2025,10,12,"16:38:00",50000,4,2940,2662191,1163103,"N",47,8,"Registriert vom SED am 12.10.2025. Beobachtet durch Michael Wicky am 17.10.2025. Volumen geschätzt (ca. 100 m breit, 50 m hoch, 10 m mächtig??). ","Gneis-Migmatit","unterer Rand bei Schichtgrenze zu Granit und bei Übersteilung durch Gletschererosion. Risse sichtbar auf Swisstopobild.",TRUE,TRUE,NA,"",FALSE,2025-10-17,"SLF","M. Wicky; SED",1,514
